Workbook

Sheet Instrucciones
A1: Wings Zone Anapoima - Control de inventario y pedidos
A3: Cómo funciona
A4: 1. Inventario: lista de productos con su stock. Solo llenas las celdas con fondo amarillo y letra azul.
A5: 2. Pedidos: un renglón por pedido (cliente, dirección, correo, estado). El total se calcula solo.
A6: 3. Detalle: un renglón por cada producto de un pedido (ID del pedido, SKU y cantidad). El resto se calcula solo.
A7: 4. Movimientos: compras, mermas o ajustes de stock. Entradas con número positivo, mermas o pérdidas con número negativo.
A8: 5. Resumen: vista rápida de pedidos, ventas y productos agotados.
A10: Regla del stock
A11: El stock solo se descuenta cuando el estado del pedido pasa a 'Confirmado'.
A12: Mientras el pedido está 'Pendiente', sus unidades quedan reservadas (columna Reservado) y bajan el Disponible, pero no el Stock actual.
A13: Si el pedido se marca 'Cancelado', no descuenta nada.
A15: Colores
... A27: - Las fórmulas de las hojas Pedidos y Detalle están listas hasta la fila 300. Si pasas de ahí, copia la última fila hacia abajo.

Sheet Resumen
A1: Resumen
A3: Pedidos pendientes | B3: =COUNTIF(Pedidos!$L$5:$L$300,"Pendiente")
A4: Pedidos confirmados | B4: =COUNTIF(Pedidos!$L$5:$L$300,"Confirmado")
A5: Pedidos cancelados | B5: =COUNTIF(Pedidos!$L$5:$L$300,"Cancelado")
A6: Ventas confirmadas (COP) | B6: =SUMIFS(Pedidos!$K$5:$K$300,Pedidos!$L$5:$L$300,"Confirmado")
A7: Productos agotados | B7: =COUNTIF(Inventario!$L$5:$L$200,"Agotado")
A8: Productos con pocas unidades | B8: =COUNTIF(Inventario!$L$5:$L$200,"Pocas unidades")

Sheet Inventario
A1: Inventario de productos
A2: Escribe solo en celdas amarillas. Stock actual = Stock inicial + Entradas/ajustes - Salidas confirmadas. Disponible = Stock actual - Reservado.
A4: SKU | B4: Producto | C4: Categoría | D4: Precio venta (COP) | E4: Stock inicial (und) | F4: Entradas / ajustes (und) | G4: Salidas confirmadas (und) | H4: Reservado en pendientes (und) | I4: Stock actual (und) | J4: Disponible para venta (und) | K4: Stock mínimo (und) | L4: Estado | M4: Visible en página
A5: COMBO-6 | B5: Combo x6 Alitas | C5: Combos de Alitas | D5: 18900 | E5: 30 | F5: =SUMIFS(Movimientos!$D$5:$D$1000,Movimientos!$B$5:$B$1000,A5) | G5: =SUMIFS(Detalle!$D$5:$D$300,Detalle!$B$5:$B$300,A5,Detalle!$G$5:$G$300,"Confirmado") | H5: =SUMIFS(Detalle!$D$5:$D$300,Detalle!$B$5:$B$300,A5,Detalle!$G$5:$G$300,"Pendiente") | I5: =E5+F5-G5 | J5: =I5-H5 | K5: 5 | L5: =IF(J5<=0,"Agotado",IF(J5<=K5,"Pocas unidades","Disponible")) | M5: Sí
A6: COMBO-12 | B6: Combo x12 Alitas | C6: Combos de Alitas | D6: 36900 | E6: 20 | F6: =SUMIFS(Movimientos!$D$5:$D$1000,Movimientos!$B$5:$B$1000,A6) | G6: =SUMIFS(Detalle!$D$5:$D$300,Detalle!$B$5:$B$300,A6,Detalle!$G$5:$G$300,"Confirmado") | H6: =SUMIFS(Detalle!$D$5:$D$300,Detalle!$B$5:$B$300,A6,Detalle!$G$5:$G$300,"Pendiente") | I6: =E6+F6-G6 | J6: =I6-H6 | K6: 5 | L6: =IF(J6<=0,"Agotado",IF(J6<=K6,"Pocas unidades","Disponible")) | M6: Sí
A7: COMBO-18 | B7: Combo x18 Alitas | C7: Combos de Alitas | D7: 53900 | E7: 10 | F7: =SUMIFS(Movimientos!$D$5:$D$1000,Movimientos!$B$5:$B$1000,A7) | G7: =SUMIFS(Detalle!$D$5:$D$300,Detalle!$B$5:$B$300,A7,Detalle!$G$5:$G$300,"Confirmado") | H7: =SUMIFS(Detalle!$D$5:$D$300,Detalle!$B$5:$B$300,A7,Detalle!$G$5:$G$300,"Pendiente") | I7: =E7+F7-G7 | J7: =I7-H7 | K7: 3 | L7: =IF(J7<=0,"Agotado",IF(J7<=K7,"Pocas unidades","Disponible")) | M7: Sí
A8: PAPAS | B8: Papas Cronch | C8: Adicionales | D8: 3500 | E8: 40 | F8: =SUMIFS(Movimientos!$D$5:$D$1000,Movimientos!$B$5:$B$1000,A8) | G8: =SUMIFS(Detalle!$D$5:$D$300,Detalle!$B$5:$B$300,A8,Detalle!$G$5:$G$300,"Confirmado") | H8: =SUMIFS(Detalle!$D$5:$D$300,Detalle!$B$5:$B$300,A8,Detalle!$G$5:$G$300,"Pendiente") | I8: =E8+F8-G8 | J8: =I8-H8 | K8: 10 | L8: =IF(J8<=0,"Agotado",IF(J8<=K8,"Pocas unidades","Disponible")) | M8: Sí
A9: PLATANO | B9: Plátano Chips | C9: Adicionales | D9: 3500 | E9: 40 | F9: =SUMIFS(Movimientos!$D$5:$D$1000,Movimientos!$B$5:$B$1000,A9) | G9: =SUMIFS(Detalle!$D$5:$D$300,Detalle!$B$5:$B$300,A9,Detalle!$G$5:$G$300,"Confirmado") | H9: =SUMIFS(Detalle!$D$5:$D$300,Detalle!$B$5:$B$300,A9,Detalle!$G$5:$G$300,"Pendiente") | I9: =E9+F9-G9 | J9: =I9-H9 | K9: 10 | L9: =IF(J9<=0,"Agotado",IF(J9<=K9,"Pocas unidades","Disponible")) | M9: Sí
A10: SALSA-BBQ | B10: BBQ Clásica | C10: Adicionales | D10: 2000 | E10: 60 | F10: =SUMIFS(Movimientos!$D$5:$D$1000,Movimientos!$B$5:$B$1000,A10) | G10: =SUMIFS(Detalle!$D$5:$D$300,Detalle!$B$5:$B$300,A10,Detalle!$G$5:$G$300,"Confirmado") | H10: =SUMIFS(Detalle!$D$5:$D$300,Detalle!$B$5:$B$300,A10,Detalle!$G$5:$G$300,"Pendiente") | I10: =E10+F10-G10 | J10: =I10-H10 | K10: 10 | L10: =IF(J10<=0,"Agotado",IF(J10<=K10,"Pocas unidades","Disponible")) | M10: Sí
A11: SALSA-MIEL | B11: Miel Mostaza Kids | C11: Adicionales | D11: 2000 | E11: 60 | F11: =SUMIFS(Movimientos!$D$5:$D$1000,Movimientos!$B$5:$B$1000,A11) | G11: =SUMIFS(Detalle!$D$5:$D$300,Detalle!$B$5:$B$300,A11,Detalle!$G$5:$G$300,"Confirmado") | H11: =SUMIFS(Detalle!$D$5:$D$300,Detalle!$B$5:$B$300,A11,Detalle!$G$5:$G$300,"Pendiente") | I11: =E11+F11-G11 | J11: =I11-H11 | K11: 10 | L11: =IF(J11<=0,"Agotado",IF(J11<=K11,"Pocas unidades","Disponible")) | M11: Sí
A12: SALSA-CHIP | B12: Chipotle Dulce | C12: Adicionales | D12: 2000 | E12: 60 | F12: =SUMIFS(Movimientos!$D$5:$D$1000,Movimientos!$B$5:$B$1000,A12) | G12: =SUMIFS(Detalle!$D$5:$D$300,Detalle!$B$5:$B$300,A12,Detalle!$G$5:$G$300,"Confirmado") | H12: =SUMIFS(Detalle!$D$5:$D$300,Detalle!$B$5:$B$300,A12,Detalle!$G$5:$G$300,"Pendiente") | I12: =E12+F12-G12 | J12: =I12-H12 | K12: 10 | L12: =IF(J12<=0,"Agotado",IF(J12<=K12,"Pocas unidades","Disponible")) | M12: Sí
A13: SALSA-AJI | B13: Ají Brava Wing Zone | C13: Adicionales | D13: 2000 | E13: 60 | F13: =SUMIFS(Movimientos!$D$5:$D$1000,Movimientos!$B$5:$B$1000,A13) | G13: =SUMIFS(Detalle!$D$5:$D$300,Detalle!$B$5:$B$300,A13,Detalle!$G$5:$G$300,"Confirmado") | H13: =SUMIFS(Detalle!$D$5:$D$300,Detalle!$B$5:$B$300,A13,Detalle!$G$5:$G$300,"Pendiente") | I13: =E13+F13-G13 | J13: =I13-H13 | K13: 10 | L13: =IF(J13<=0,"Agotado",IF(J13<=K13,"Pocas unidades","Disponible")) | M13: Sí
A14: GAS-400-COCA | B14: Gaseosa 400 ml - Coca-Cola | C14: Bebidas | D14: 3800 | E14: 12 | F14: =SUMIFS(Movimientos!$D$5:$D$1000,Movimientos!$B$5:$B$1000,A14) | G14: =SUMIFS(Detalle!$D$5:$D$300,Detalle!$B$5:$B$300,A14,Detalle!$G$5:$G$300,"Confirmado") | H14: =SUMIFS(Detalle!$D$5:$D$300,Detalle!$B$5:$B$300,A14,Detalle!$G$5:$G$300,"Pendiente") | I14: =E14+F14-G14 | J14: =I14-H14 | K14: 4 | L14: =IF(J14<=0,"Agotado",IF(J14<=K14,"Pocas unidades","Disponible")) | M14: Sí
A15: GAS-400-MANZ | B15: Gaseosa 400 ml - Manzana Postobón | C15: Bebidas | D15: 3800 | E15: 12 | F15: =SUMIFS(Movimientos!$D$5:$D$1000,Movimientos!$B$5:$B$1000,A15) | G15: =SUMIFS(Detalle!$D$5:$D$300,Detalle!$B$5:$B$300,A15,Detalle!$G$5:$G$300,"Confirmado") | H15: =SUMIFS(Detalle!$D$5:$D$300,Detalle!$B$5:$B$300,A15,Detalle!$G$5:$G$300,"Pendiente") | I15: =E15+F15-G15 | J15: =I15-H15 | K15: 4 | L15: =IF(J15<=0,"Agotado",IF(J15<=K15,"Pocas unidades","Disponible")) | M15: Sí
A16: GAS-400-COLO | B16: Gaseosa 400 ml - Colombiana | C16: Bebidas | D16: 3800 | E16: 12 | F16: =SUMIFS(Movimientos!$D$5:$D$1000,Movimientos!$B$5:$B$1000,A16) | G16: =SUMIFS(Detalle!$D$5:$D$300,Detalle!$B$5:$B$300,A16,Detalle!$G$5:$G$300,"Confirmado") | H16: =SUMIFS(Detalle!$D$5:$D$300,Detalle!$B$5:$B$300,A16,Detalle!$G$5:$G$300,"Pendiente") | I16: =E16+F16-G16 | J16: =I16-H16 | K16: 4 | L16: =IF(J16<=0,"Agotado",IF(J16<=K16,"Pocas unidades","Disponible")) | M16: Sí
... A25: CERV-CORONA | B25: Cerveza lata - Corona | C25: Bebidas | D25: 6000 | E25: 12 | F25: =SUMIFS(Movimientos!$D$5:$D$1000,Movimientos!$B$5:$B$1000,A25) | G25: =SUMIFS(Detalle!$D$5:$D$300,Detalle!$B$5:$B$300,A25,Detalle!$G$5:$G$300,"Confirmado") | H25: =SUMIFS(Detalle!$D$5:$D$300,Detalle!$B$5:$B$300,A25,Detalle!$G$5:$G$300,"Pendiente") | I25: =E25+F25-G25 | J25: =I25-H25 | K25: 4 | L25: =IF(J25<=0,"Agotado",IF(J25<=K25,"Pocas unidades","Disponible")) | M25: Sí

Sheet Pedidos
A1: Pedidos
A2: Un renglón por pedido. Los productos del pedido se registran en la hoja Detalle con el mismo ID.
A4: ID pedido | B4: Fecha y hora | C4: Cliente | D4: Teléfono | E4: Dirección física | F4: Correo electrónico | G4: Descripción del pedido | H4: Cantidad total (und) | I4: Subtotal (COP) | J4: Domicilio (COP) | K4: Total (COP) | L4: Estado | M4: Notas
A5: P-0001 | B5: 46309.771 | C5: Cliente Ejemplo | D5: 3001234567 | E5: Calle 1 # 2-3, Anapoima | F5: cliente@correo.com | G5: 2 Combo x6 Alitas + 1 Gaseosa 1.5 L Coca-Cola (EJEMPLO) | H5: =IF(A5="","",SUMIFS(Detalle!$D$5:$D$300,Detalle!$A$5:$A$300,A5)) | I5: =IF(A5="","",SUMIFS(Detalle!$F$5:$F$300,Detalle!$A$5:$A$300,A5)) | J5: 5000 | K5: =IF(A5="","",I5+N(J5)) | L5: Pendiente | M5: Borrar este ejemplo
H6: =IF(A6="","",SUMIFS(Detalle!$D$5:$D$300,Detalle!$A$5:$A$300,A6)) | I6: =IF(A6="","",SUMIFS(Detalle!$F$5:$F$300,Detalle!$A$5:$A$300,A6)) | K6: =IF(A6="","",I6+N(J6))
H7: =IF(A7="","",SUMIFS(Detalle!$D$5:$D$300,Detalle!$A$5:$A$300,A7)) | I7: =IF(A7="","",SUMIFS(Detalle!$F$5:$F$300,Detalle!$A$5:$A$300,A7)) | K7: =IF(A7="","",I7+N(J7))
H8: =IF(A8="","",SUMIFS(Detalle!$D$5:$D$300,Detalle!$A$5:$A$300,A8)) | I8: =IF(A8="","",SUMIFS(Detalle!$F$5:$F$300,Detalle!$A$5:$A$300,A8)) | K8: =IF(A8="","",I8+N(J8))
H9: =IF(A9="","",SUMIFS(Detalle!$D$5:$D$300,Detalle!$A$5:$A$300,A9)) | I9: =IF(A9="","",SUMIFS(Detalle!$F$5:$F$300,Detalle!$A$5:$A$300,A9)) | K9: =IF(A9="","",I9+N(J9))
H10: =IF(A10="","",SUMIFS(Detalle!$D$5:$D$300,Detalle!$A$5:$A$300,A10)) | I10: =IF(A10="","",SUMIFS(Detalle!$F$5:$F$300,Detalle!$A$5:$A$300,A10)) | K10: =IF(A10="","",I10+N(J10))
H11: =IF(A11="","",SUMIFS(Detalle!$D$5:$D$300,Detalle!$A$5:$A$300,A11)) | I11: =IF(A11="","",SUMIFS(Detalle!$F$5:$F$300,Detalle!$A$5:$A$300,A11)) | K11: =IF(A11="","",I11+N(J11))
H12: =IF(A12="","",SUMIFS(Detalle!$D$5:$D$300,Detalle!$A$5:$A$300,A12)) | I12: =IF(A12="","",SUMIFS(Detalle!$F$5:$F$300,Detalle!$A$5:$A$300,A12)) | K12: =IF(A12="","",I12+N(J12))
H13: =IF(A13="","",SUMIFS(Detalle!$D$5:$D$300,Detalle!$A$5:$A$300,A13)) | I13: =IF(A13="","",SUMIFS(Detalle!$F$5:$F$300,Detalle!$A$5:$A$300,A13)) | K13: =IF(A13="","",I13+N(J13))
H14: =IF(A14="","",SUMIFS(Detalle!$D$5:$D$300,Detalle!$A$5:$A$300,A14)) | I14: =IF(A14="","",SUMIFS(Detalle!$F$5:$F$300,Detalle!$A$5:$A$300,A14)) | K14: =IF(A14="","",I14+N(J14))
H15: =IF(A15="","",SUMIFS(Detalle!$D$5:$D$300,Detalle!$A$5:$A$300,A15)) | I15: =IF(A15="","",SUMIFS(Detalle!$F$5:$F$300,Detalle!$A$5:$A$300,A15)) | K15: =IF(A15="","",I15+N(J15))
H16: =IF(A16="","",SUMIFS(Detalle!$D$5:$D$300,Detalle!$A$5:$A$300,A16)) | I16: =IF(A16="","",SUMIFS(Detalle!$F$5:$F$300,Detalle!$A$5:$A$300,A16)) | K16: =IF(A16="","",I16+N(J16))
H17: =IF(A17="","",SUMIFS(Detalle!$D$5:$D$300,Detalle!$A$5:$A$300,A17)) | I17: =IF(A17="","",SUMIFS(Detalle!$F$5:$F$300,Detalle!$A$5:$A$300,A17)) | K17: =IF(A17="","",I17+N(J17))
... H300: =IF(A300="","",SUMIFS(Detalle!$D$5:$D$300,Detalle!$A$5:$A$300,A300)) | I300: =IF(A300="","",SUMIFS(Detalle!$F$5:$F$300,Detalle!$A$5:$A$300,A300)) | K300: =IF(A300="","",I300+N(J300))

Sheet Detalle
A1: Detalle de pedidos (un renglón por producto)
A2: Escribe el ID del pedido, el SKU (ver hoja Inventario) y la cantidad. Producto, precio, subtotal y estado se llenan solos.
A4: ID pedido | B4: SKU | C4: Producto | D4: Cantidad (und) | E4: Precio unitario (COP) | F4: Subtotal (COP) | G4: Estado del pedido
A5: P-0001 | B5: COMBO-6 | C5: =IF(B5="","",IFERROR(INDEX(Inventario!$B$5:$B$200,MATCH(B5,Inventario!$A$5:$A$200,0)),"SKU no existe")) | D5: 2 | E5: =IF(B5="","",IFERROR(INDEX(Inventario!$D$5:$D$200,MATCH(B5,Inventario!$A$5:$A$200,0)),0)) | F5: =IF(OR(B5="",D5=""),"",D5*E5) | G5: =IF(A5="","",IFERROR(INDEX(Pedidos!$L$5:$L$300,MATCH(A5,Pedidos!$A$5:$A$300,0)),"Pedido no existe"))
A6: P-0001 | B6: GAS-1500-COCA | C6: =IF(B6="","",IFERROR(INDEX(Inventario!$B$5:$B$200,MATCH(B6,Inventario!$A$5:$A$200,0)),"SKU no existe")) | D6: 1 | E6: =IF(B6="","",IFERROR(INDEX(Inventario!$D$5:$D$200,MATCH(B6,Inventario!$A$5:$A$200,0)),0)) | F6: =IF(OR(B6="",D6=""),"",D6*E6) | G6: =IF(A6="","",IFERROR(INDEX(Pedidos!$L$5:$L$300,MATCH(A6,Pedidos!$A$5:$A$300,0)),"Pedido no existe"))
C7: =IF(B7="","",IFERROR(INDEX(Inventario!$B$5:$B$200,MATCH(B7,Inventario!$A$5:$A$200,0)),"SKU no existe")) | E7: =IF(B7="","",IFERROR(INDEX(Inventario!$D$5:$D$200,MATCH(B7,Inventario!$A$5:$A$200,0)),0)) | F7: =IF(OR(B7="",D7=""),"",D7*E7) | G7: =IF(A7="","",IFERROR(INDEX(Pedidos!$L$5:$L$300,MATCH(A7,Pedidos!$A$5:$A$300,0)),"Pedido no existe"))
C8: =IF(B8="","",IFERROR(INDEX(Inventario!$B$5:$B$200,MATCH(B8,Inventario!$A$5:$A$200,0)),"SKU no existe")) | E8: =IF(B8="","",IFERROR(INDEX(Inventario!$D$5:$D$200,MATCH(B8,Inventario!$A$5:$A$200,0)),0)) | F8: =IF(OR(B8="",D8=""),"",D8*E8) | G8: =IF(A8="","",IFERROR(INDEX(Pedidos!$L$5:$L$300,MATCH(A8,Pedidos!$A$5:$A$300,0)),"Pedido no existe"))
C9: =IF(B9="","",IFERROR(INDEX(Inventario!$B$5:$B$200,MATCH(B9,Inventario!$A$5:$A$200,0)),"SKU no existe")) | E9: =IF(B9="","",IFERROR(INDEX(Inventario!$D$5:$D$200,MATCH(B9,Inventario!$A$5:$A$200,0)),0)) | F9: =IF(OR(B9="",D9=""),"",D9*E9) | G9: =IF(A9="","",IFERROR(INDEX(Pedidos!$L$5:$L$300,MATCH(A9,Pedidos!$A$5:$A$300,0)),"Pedido no existe"))
C10: =IF(B10="","",IFERROR(INDEX(Inventario!$B$5:$B$200,MATCH(B10,Inventario!$A$5:$A$200,0)),"SKU no existe")) | E10: =IF(B10="","",IFERROR(INDEX(Inventario!$D$5:$D$200,MATCH(B10,Inventario!$A$5:$A$200,0)),0)) | F10: =IF(OR(B10="",D10=""),"",D10*E10) | G10: =IF(A10="","",IFERROR(INDEX(Pedidos!$L$5:$L$300,MATCH(A10,Pedidos!$A$5:$A$300,0)),"Pedido no existe"))
C11: =IF(B11="","",IFERROR(INDEX(Inventario!$B$5:$B$200,MATCH(B11,Inventario!$A$5:$A$200,0)),"SKU no existe")) | E11: =IF(B11="","",IFERROR(INDEX(Inventario!$D$5:$D$200,MATCH(B11,Inventario!$A$5:$A$200,0)),0)) | F11: =IF(OR(B11="",D11=""),"",D11*E11) | G11: =IF(A11="","",IFERROR(INDEX(Pedidos!$L$5:$L$300,MATCH(A11,Pedidos!$A$5:$A$300,0)),"Pedido no existe"))
C12: =IF(B12="","",IFERROR(INDEX(Inventario!$B$5:$B$200,MATCH(B12,Inventario!$A$5:$A$200,0)),"SKU no existe")) | E12: =IF(B12="","",IFERROR(INDEX(Inventario!$D$5:$D$200,MATCH(B12,Inventario!$A$5:$A$200,0)),0)) | F12: =IF(OR(B12="",D12=""),"",D12*E12) | G12: =IF(A12="","",IFERROR(INDEX(Pedidos!$L$5:$L$300,MATCH(A12,Pedidos!$A$5:$A$300,0)),"Pedido no existe"))
C13: =IF(B13="","",IFERROR(INDEX(Inventario!$B$5:$B$200,MATCH(B13,Inventario!$A$5:$A$200,0)),"SKU no existe")) | E13: =IF(B13="","",IFERROR(INDEX(Inventario!$D$5:$D$200,MATCH(B13,Inventario!$A$5:$A$200,0)),0)) | F13: =IF(OR(B13="",D13=""),"",D13*E13) | G13: =IF(A13="","",IFERROR(INDEX(Pedidos!$L$5:$L$300,MATCH(A13,Pedidos!$A$5:$A$300,0)),"Pedido no existe"))
C14: =IF(B14="","",IFERROR(INDEX(Inventario!$B$5:$B$200,MATCH(B14,Inventario!$A$5:$A$200,0)),"SKU no existe")) | E14: =IF(B14="","",IFERROR(INDEX(Inventario!$D$5:$D$200,MATCH(B14,Inventario!$A$5:$A$200,0)),0)) | F14: =IF(OR(B14="",D14=""),"",D14*E14) | G14: =IF(A14="","",IFERROR(INDEX(Pedidos!$L$5:$L$300,MATCH(A14,Pedidos!$A$5:$A$300,0)),"Pedido no existe"))
C15: =IF(B15="","",IFERROR(INDEX(Inventario!$B$5:$B$200,MATCH(B15,Inventario!$A$5:$A$200,0)),"SKU no existe")) | E15: =IF(B15="","",IFERROR(INDEX(Inventario!$D$5:$D$200,MATCH(B15,Inventario!$A$5:$A$200,0)),0)) | F15: =IF(OR(B15="",D15=""),"",D15*E15) | G15: =IF(A15="","",IFERROR(INDEX(Pedidos!$L$5:$L$300,MATCH(A15,Pedidos!$A$5:$A$300,0)),"Pedido no existe"))
C16: =IF(B16="","",IFERROR(INDEX(Inventario!$B$5:$B$200,MATCH(B16,Inventario!$A$5:$A$200,0)),"SKU no existe")) | E16: =IF(B16="","",IFERROR(INDEX(Inventario!$D$5:$D$200,MATCH(B16,Inventario!$A$5:$A$200,0)),0)) | F16: =IF(OR(B16="",D16=""),"",D16*E16) | G16: =IF(A16="","",IFERROR(INDEX(Pedidos!$L$5:$L$300,MATCH(A16,Pedidos!$A$5:$A$300,0)),"Pedido no existe"))
C17: =IF(B17="","",IFERROR(INDEX(Inventario!$B$5:$B$200,MATCH(B17,Inventario!$A$5:$A$200,0)),"SKU no existe")) | E17: =IF(B17="","",IFERROR(INDEX(Inventario!$D$5:$D$200,MATCH(B17,Inventario!$A$5:$A$200,0)),0)) | F17: =IF(OR(B17="",D17=""),"",D17*E17) | G17: =IF(A17="","",IFERROR(INDEX(Pedidos!$L$5:$L$300,MATCH(A17,Pedidos!$A$5:$A$300,0)),"Pedido no existe"))
C18: =IF(B18="","",IFERROR(INDEX(Inventario!$B$5:$B$200,MATCH(B18,Inventario!$A$5:$A$200,0)),"SKU no existe")) | E18: =IF(B18="","",IFERROR(INDEX(Inventario!$D$5:$D$200,MATCH(B18,Inventario!$A$5:$A$200,0)),0)) | F18: =IF(OR(B18="",D18=""),"",D18*E18) | G18: =IF(A18="","",IFERROR(INDEX(Pedidos!$L$5:$L$300,MATCH(A18,Pedidos!$A$5:$A$300,0)),"Pedido no existe"))
... C300: =IF(B300="","",IFERROR(INDEX(Inventario!$B$5:$B$200,MATCH(B300,Inventario!$A$5:$A$200,0)),"SKU no existe")) | E300: =IF(B300="","",IFERROR(INDEX(Inventario!$D$5:$D$200,MATCH(B300,Inventario!$A$5:$A$200,0)),0)) | F300: =IF(OR(B300="",D300=""),"",D300*E300) | G300: =IF(A300="","",IFERROR(INDEX(Pedidos!$L$5:$L$300,MATCH(A300,Pedidos!$A$5:$A$300,0)),"Pedido no existe"))

Sheet Movimientos
A1: Movimientos de stock (compras, mermas, ajustes)
A2: Cantidad positiva = entra stock (compra). Cantidad negativa = sale stock (merma, pérdida, regalo).
A4: Fecha | B4: SKU | C4: Producto | D4: Cantidad (+ entra / - sale) | E4: Tipo | F4: Nota
A5: 46309 | B5: GAS-400-COCA | C5: =IF(B5="","",IFERROR(INDEX(Inventario!$B$5:$B$200,MATCH(B5,Inventario!$A$5:$A$200,0)),"SKU no existe")) | D5: 24 | E5: Entrada | F5: Compra a proveedor (EJEMPLO, borrar)
C6: =IF(B6="","",IFERROR(INDEX(Inventario!$B$5:$B$200,MATCH(B6,Inventario!$A$5:$A$200,0)),"SKU no existe"))
C7: =IF(B7="","",IFERROR(INDEX(Inventario!$B$5:$B$200,MATCH(B7,Inventario!$A$5:$A$200,0)),"SKU no existe"))
C8: =IF(B8="","",IFERROR(INDEX(Inventario!$B$5:$B$200,MATCH(B8,Inventario!$A$5:$A$200,0)),"SKU no existe"))
C9: =IF(B9="","",IFERROR(INDEX(Inventario!$B$5:$B$200,MATCH(B9,Inventario!$A$5:$A$200,0)),"SKU no existe"))
C10: =IF(B10="","",IFERROR(INDEX(Inventario!$B$5:$B$200,MATCH(B10,Inventario!$A$5:$A$200,0)),"SKU no existe"))
C11: =IF(B11="","",IFERROR(INDEX(Inventario!$B$5:$B$200,MATCH(B11,Inventario!$A$5:$A$200,0)),"SKU no existe"))
C12: =IF(B12="","",IFERROR(INDEX(Inventario!$B$5:$B$200,MATCH(B12,Inventario!$A$5:$A$200,0)),"SKU no existe"))
C13: =IF(B13="","",IFERROR(INDEX(Inventario!$B$5:$B$200,MATCH(B13,Inventario!$A$5:$A$200,0)),"SKU no existe"))
C14: =IF(B14="","",IFERROR(INDEX(Inventario!$B$5:$B$200,MATCH(B14,Inventario!$A$5:$A$200,0)),"SKU no existe"))
C15: =IF(B15="","",IFERROR(INDEX(Inventario!$B$5:$B$200,MATCH(B15,Inventario!$A$5:$A$200,0)),"SKU no existe"))
C16: =IF(B16="","",IFERROR(INDEX(Inventario!$B$5:$B$200,MATCH(B16,Inventario!$A$5:$A$200,0)),"SKU no existe"))
C17: =IF(B17="","",IFERROR(INDEX(Inventario!$B$5:$B$200,MATCH(B17,Inventario!$A$5:$A$200,0)),"SKU no existe"))
... C1000: =IF(B1000="","",IFERROR(INDEX(Inventario!$B$5:$B$200,MATCH(B1000,Inventario!$A$5:$A$200,0)),"SKU no existe"))
